ecosystem,tool,field,total_components,present_before,missing_before,completeness_before_pct,accepted_repairs_applied,present_after,missing_after,completeness_after_pct,absolute_gain_percentage_points,missing_value_recovery_pct
cargo,cdxgen,license,62,0,62,0.00,0,0,62,0.00,0.00,0.00
cargo,cdxgen,supplier,62,0,62,0.00,0,0,62,0.00,0.00,0.00
cargo,cdxgen,repository_url,62,0,62,0.00,0,0,62,0.00,0.00,0.00
cargo,cdxgen,hash_values,62,49,13,79.03,0,49,13,79.03,0.00,0.00
cargo,cdxgen,distribution_url,62,0,62,0.00,0,0,62,0.00,0.00,0.00
cargo,syft,license,62,0,62,0.00,0,0,62,0.00,0.00,0.00
cargo,syft,supplier,62,0,62,0.00,0,0,62,0.00,0.00,0.00
cargo,syft,repository_url,62,0,62,0.00,0,0,62,0.00,0.00,0.00
cargo,syft,hash_values,62,0,62,0.00,0,0,62,0.00,0.00,0.00
cargo,syft,distribution_url,62,49,13,79.03,0,49,13,79.03,0.00,0.00
gem,cdxgen,license,11,1,10,9.09,0,1,10,9.09,0.00,0.00
gem,cdxgen,supplier,11,0,11,0.00,0,0,11,0.00,0.00,0.00
gem,cdxgen,repository_url,11,0,11,0.00,0,0,11,0.00,0.00,0.00
gem,cdxgen,hash_values,11,0,11,0.00,0,0,11,0.00,0.00,0.00
gem,cdxgen,distribution_url,11,0,11,0.00,0,0,11,0.00,0.00,0.00
generic,cdxgen,license,14,0,14,0.00,0,0,14,0.00,0.00,0.00
generic,cdxgen,supplier,14,0,14,0.00,0,0,14,0.00,0.00,0.00
generic,cdxgen,repository_url,14,0,14,0.00,0,0,14,0.00,0.00,0.00
generic,cdxgen,hash_values,14,0,14,0.00,0,0,14,0.00,0.00,0.00
generic,cdxgen,distribution_url,14,0,14,0.00,0,0,14,0.00,0.00,0.00
github,cdxgen,license,212,0,212,0.00,0,0,212,0.00,0.00,0.00
github,cdxgen,supplier,212,0,212,0.00,0,0,212,0.00,0.00,0.00
github,cdxgen,repository_url,212,0,212,0.00,0,0,212,0.00,0.00,0.00
github,cdxgen,hash_values,212,0,212,0.00,0,0,212,0.00,0.00,0.00
github,cdxgen,distribution_url,212,0,212,0.00,0,0,212,0.00,0.00,0.00
github,syft,license,548,0,548,0.00,0,0,548,0.00,0.00,0.00
github,syft,supplier,548,0,548,0.00,0,0,548,0.00,0.00,0.00
github,syft,repository_url,548,0,548,0.00,0,0,548,0.00,0.00,0.00
github,syft,hash_values,548,0,548,0.00,0,0,548,0.00,0.00,0.00
github,syft,distribution_url,548,0,548,0.00,0,0,548,0.00,0.00,0.00
maven,cdxgen,license,593,0,593,0.00,10,10,583,1.69,1.69,1.69
maven,cdxgen,supplier,593,0,593,0.00,0,0,593,0.00,0.00,0.00
maven,cdxgen,repository_url,593,0,593,0.00,29,29,564,4.89,4.89,4.89
maven,cdxgen,hash_values,593,0,593,0.00,0,0,593,0.00,0.00,0.00
maven,cdxgen,distribution_url,593,0,593,0.00,62,62,531,10.46,10.46,10.46
maven,syft,license,6911,323,6588,4.67,19,342,6569,4.95,0.27,0.29
maven,syft,supplier,6911,0,6911,0.00,0,0,6911,0.00,0.00,0.00
maven,syft,repository_url,6911,0,6911,0.00,43,43,6868,0.62,0.62,0.62
maven,syft,hash_values,6911,3016,3895,43.64,0,3016,3895,43.64,0.00,0.00
maven,syft,distribution_url,6911,0,6911,0.00,147,147,6764,2.13,2.13,2.13
npm,cdxgen,license,13970,3511,10459,25.13,5179,8690,5280,62.20,37.07,49.52
npm,cdxgen,supplier,13970,0,13970,0.00,0,0,13970,0.00,0.00,0.00
npm,cdxgen,repository_url,13970,0,13970,0.00,7569,7569,6401,54.18,54.18,54.18
npm,cdxgen,hash_values,13970,13810,160,98.85,0,13810,160,98.85,0.00,0.00
npm,cdxgen,distribution_url,13970,3913,10057,28.01,4820,8733,5237,62.51,34.50,47.93
npm,syft,license,29670,1290,28380,4.35,19055,20345,9325,68.57,64.22,67.14
npm,syft,supplier,29670,0,29670,0.00,0,0,29670,0.00,0.00,0.00
npm,syft,repository_url,29670,0,29670,0.00,19807,19807,9863,66.76,66.76,66.76
npm,syft,hash_values,29670,143,29527,0.48,0,143,29527,0.48,0.00,0.00
npm,syft,distribution_url,29670,0,29670,0.00,19963,19963,9707,67.28,67.28,67.28
pypi,cdxgen,license,328,0,328,0.00,75,75,253,22.87,22.87,22.87
pypi,cdxgen,supplier,328,0,328,0.00,0,0,328,0.00,0.00,0.00
pypi,cdxgen,repository_url,328,0,328,0.00,183,183,145,55.79,55.79,55.79
pypi,cdxgen,hash_values,328,0,328,0.00,1,1,327,0.30,0.30,0.30
pypi,cdxgen,distribution_url,328,278,50,84.76,12,290,38,88.41,3.66,24.00
pypi,syft,license,382,0,382,0.00,75,75,307,19.63,19.63,19.63
pypi,syft,supplier,382,0,382,0.00,0,0,382,0.00,0.00,0.00
pypi,syft,repository_url,382,0,382,0.00,180,180,202,47.12,47.12,47.12
pypi,syft,hash_values,382,85,297,22.25,0,85,297,22.25,0.00,0.00
pypi,syft,distribution_url,382,0,382,0.00,287,287,95,75.13,75.13,75.13
undefined,cdxgen,license,4,0,4,0.00,0,0,4,0.00,0.00,0.00
undefined,cdxgen,supplier,4,0,4,0.00,0,0,4,0.00,0.00,0.00
undefined,cdxgen,repository_url,4,0,4,0.00,0,0,4,0.00,0.00,0.00
undefined,cdxgen,hash_values,4,0,4,0.00,0,0,4,0.00,0.00,0.00
undefined,cdxgen,distribution_url,4,0,4,0.00,0,0,4,0.00,0.00,0.00
