ecosystem,field,total_components,present_before,missing_before,completeness_before_pct,accepted_repairs_applied,present_after,missing_after,completeness_after_pct,absolute_gain_percentage_points,missing_value_recovery_pct
cargo,license,124,0,124,0.00,0,0,124,0.00,0.00,0.00
cargo,supplier,124,0,124,0.00,0,0,124,0.00,0.00,0.00
cargo,repository_url,124,0,124,0.00,0,0,124,0.00,0.00,0.00
cargo,hash_values,124,49,75,39.52,0,49,75,39.52,0.00,0.00
cargo,distribution_url,124,49,75,39.52,0,49,75,39.52,0.00,0.00
gem,license,11,1,10,9.09,0,1,10,9.09,0.00,0.00
gem,supplier,11,0,11,0.00,0,0,11,0.00,0.00,0.00
gem,repository_url,11,0,11,0.00,0,0,11,0.00,0.00,0.00
gem,hash_values,11,0,11,0.00,0,0,11,0.00,0.00,0.00
gem,distribution_url,11,0,11,0.00,0,0,11,0.00,0.00,0.00
generic,license,14,0,14,0.00,0,0,14,0.00,0.00,0.00
generic,supplier,14,0,14,0.00,0,0,14,0.00,0.00,0.00
generic,repository_url,14,0,14,0.00,0,0,14,0.00,0.00,0.00
generic,hash_values,14,0,14,0.00,0,0,14,0.00,0.00,0.00
generic,distribution_url,14,0,14,0.00,0,0,14,0.00,0.00,0.00
github,license,760,0,760,0.00,0,0,760,0.00,0.00,0.00
github,supplier,760,0,760,0.00,0,0,760,0.00,0.00,0.00
github,repository_url,760,0,760,0.00,0,0,760,0.00,0.00,0.00
github,hash_values,760,0,760,0.00,0,0,760,0.00,0.00,0.00
github,distribution_url,760,0,760,0.00,0,0,760,0.00,0.00,0.00
maven,license,7504,323,7181,4.30,29,352,7152,4.69,0.39,0.40
maven,supplier,7504,0,7504,0.00,0,0,7504,0.00,0.00,0.00
maven,repository_url,7504,0,7504,0.00,72,72,7432,0.96,0.96,0.96
maven,hash_values,7504,3016,4488,40.19,0,3016,4488,40.19,0.00,0.00
maven,distribution_url,7504,0,7504,0.00,209,209,7295,2.79,2.79,2.79
npm,license,43640,4801,38839,11.00,24234,29035,14605,66.53,55.53,62.40
npm,supplier,43640,0,43640,0.00,0,0,43640,0.00,0.00,0.00
npm,repository_url,43640,0,43640,0.00,27376,27376,16264,62.73,62.73,62.73
npm,hash_values,43640,13953,29687,31.97,0,13953,29687,31.97,0.00,0.00
npm,distribution_url,43640,3913,39727,8.97,24783,28696,14944,65.76,56.79,62.38
pypi,license,710,0,710,0.00,150,150,560,21.13,21.13,21.13
pypi,supplier,710,0,710,0.00,0,0,710,0.00,0.00,0.00
pypi,repository_url,710,0,710,0.00,363,363,347,51.13,51.13,51.13
pypi,hash_values,710,85,625,11.97,1,86,624,12.11,0.14,0.16
pypi,distribution_url,710,278,432,39.15,299,577,133,81.27,42.11,69.21
undefined,license,4,0,4,0.00,0,0,4,0.00,0.00,0.00
undefined,supplier,4,0,4,0.00,0,0,4,0.00,0.00,0.00
undefined,repository_url,4,0,4,0.00,0,0,4,0.00,0.00,0.00
undefined,hash_values,4,0,4,0.00,0,0,4,0.00,0.00,0.00
undefined,distribution_url,4,0,4,0.00,0,0,4,0.00,0.00,0.00
