category,label,count,percentage
repair_decision_predicted,auto_repair_candidate,29183,55.31
repair_decision_predicted,exclude_from_registry_repair,21537,40.82
repair_decision_predicted,manual_review_required,2047,3.88
component_role_predicted,external_dependency,30210,57.25
component_role_predicted,internal_module,22,0.04
component_role_predicted,local_fixture_or_test_artifact,21515,40.77
component_role_predicted,workflow_component,1020,1.93
identity_status_predicted,clear_identity,29949,56.76
identity_status_predicted,not_applicable,21537,40.82
identity_status_predicted,partial_identity,1281,2.43
version_status_predicted,missing,4123,7.81
version_status_predicted,present,48644,92.19
purl_status_predicted,missing,3311,6.27
purl_status_predicted,valid_or_plausible,49456,93.73
license_presence_status_predicted,absent,47589,90.19
license_presence_status_predicted,present_elsewhere,51,0.10
license_presence_status_predicted,present_in_expression,33,0.06
license_presence_status_predicted,present_in_license_field,5094,9.65
repository_url_status_predicted,absent,52610,99.70
repository_url_status_predicted,present_elsewhere,157,0.30
hash_status_predicted,absent,35664,67.59
hash_status_predicted,present,17103,32.41
distribution_url_status_predicted,absent,48406,91.74
distribution_url_status_predicted,present,4361,8.26
artifact_identity_status_predicted,artifact_not_explicitly_identified,35386,67.06
artifact_identity_status_predicted,exact_artifact_url_present,278,0.53
artifact_identity_status_predicted,not_needed_hash_present,17103,32.41
duplicate_status_predicted,duplicate_name_different_version,4080,7.73
duplicate_status_predicted,duplicate_same_name_version,1189,2.25
duplicate_status_predicted,duplicate_same_purl,42245,80.06
duplicate_status_predicted,not_duplicate,5253,9.96
