field_name,field_repair_status,count,percentage_within_field
distribution_url,automatic_target_not_proposed,735,1.51
distribution_url,excluded,20406,42.05
distribution_url,manual_review_required,1019,2.10
distribution_url,not_targeted,1076,2.22
distribution_url,repair_proposed,25291,52.12
hash_values,automatic_target_not_proposed,277,0.78
hash_values,excluded,12742,35.73
hash_values,manual_review_required,22051,61.83
hash_values,not_targeted,593,1.66
hash_values,repair_proposed,1,0.00
license,automatic_target_not_proposed,921,1.93
license,excluded,19598,41.14
license,manual_review_required,1010,2.12
license,not_targeted,1065,2.24
license,repair_proposed,25048,52.58
repository_url,automatic_target_not_proposed,1067,2.02
repository_url,excluded,21537,40.82
repository_url,manual_review_required,951,1.80
repository_url,not_targeted,1158,2.19
repository_url,repair_proposed,28054,53.17
supplier,automatic_target_not_proposed,931,1.76
supplier,excluded,21537,40.82
supplier,manual_review_required,1020,1.93
supplier,not_targeted,1027,1.95
supplier,repair_proposed,28252,53.54
