ecosystem,tool,repair_decision,count,percentage_within_ecosystem_tool
github,cdxgen,manual_review_required,212,100.00
github,syft,manual_review_required,548,100.00
maven,cdxgen,auto_repair_candidate,141,23.15
maven,cdxgen,exclude_from_registry_repair,90,14.78
maven,cdxgen,manual_review_required,378,62.07
maven,syft,auto_repair_candidate,667,9.65
maven,syft,exclude_from_registry_repair,5586,80.83
maven,syft,manual_review_required,658,9.52
npm,cdxgen,auto_repair_candidate,7747,55.21
npm,cdxgen,exclude_from_registry_repair,6283,44.78
npm,cdxgen,manual_review_required,2,0.01
npm,syft,auto_repair_candidate,20042,67.41
npm,syft,exclude_from_registry_repair,9578,32.21
npm,syft,manual_review_required,112,0.38
pypi,cdxgen,auto_repair_candidate,296,86.80
pypi,cdxgen,manual_review_required,45,13.20
pypi,syft,auto_repair_candidate,290,75.92
pypi,syft,manual_review_required,92,24.08
