ecosystem,tool,field,total_components,before_present_count,before_present_percentage,before_missing_count,after_present_count,after_present_percentage,after_missing_count,repaired_count,repair_rate_among_originally_missing,absolute_coverage_gain_percentage_points,still_missing_count
maven,cdxgen,license,2562,1311,51.17,1251,1885,73.58,677,574,45.88,22.40,677
maven,cdxgen,repository_url,2562,0,0.00,2562,1387,54.14,1175,1387,54.14,54.14,1175
maven,cdxgen,supplier,2562,0,0.00,2562,1375,53.67,1187,1375,53.67,53.67,1187
maven,cdxgen,distribution_url,2562,1901,74.20,661,1984,77.44,578,83,12.56,3.24,578
maven,cdxgen,hash_values,2562,1868,72.91,694,1984,77.44,578,116,16.71,4.53,578
maven,syft,license,7446,606,8.14,6840,782,10.50,6664,176,2.57,2.36,6664
maven,syft,repository_url,7446,0,0.00,7446,491,6.59,6955,491,6.59,6.59,6955
maven,syft,supplier,7446,0,0.00,7446,459,6.16,6987,459,6.16,6.16,6987
maven,syft,distribution_url,7446,0,0.00,7446,583,7.83,6863,583,7.83,7.83,6863
maven,syft,hash_values,7446,3016,40.50,4430,3599,48.33,3847,583,13.16,7.83,3847
npm,cdxgen,license,12028,1996,16.59,10032,6777,56.34,5251,4781,47.66,39.75,5251
npm,cdxgen,repository_url,12028,0,0.00,12028,6098,50.70,5930,6098,50.70,50.70,5930
npm,cdxgen,supplier,12028,0,0.00,12028,6114,50.83,5914,6114,50.83,50.83,5914
npm,cdxgen,distribution_url,12028,1837,15.27,10191,6638,55.19,5390,4801,47.11,39.92,5390
npm,cdxgen,hash_values,12028,11783,97.96,245,11783,97.96,245,0,0.00,0.00,245
npm,syft,license,29554,1007,3.41,28547,1007,3.41,28547,0,0.00,0.00,28547
npm,syft,repository_url,29554,0,0.00,29554,0,0.00,29554,0,0.00,0.00,29554
npm,syft,supplier,29554,0,0.00,29554,0,0.00,29554,0,0.00,0.00,29554
npm,syft,distribution_url,29554,49,0.17,29505,49,0.17,29505,0,0.00,0.00,29505
npm,syft,hash_values,29554,143,0.48,29411,143,0.48,29411,0,0.00,0.00,29411
pypi,cdxgen,license,604,205,33.94,399,205,33.94,399,0,0.00,0.00,399
pypi,cdxgen,repository_url,604,0,0.00,604,206,34.11,398,206,34.11,34.11,398
pypi,cdxgen,supplier,604,0,0.00,604,206,34.11,398,206,34.11,34.11,398
pypi,cdxgen,distribution_url,604,453,75.00,151,453,75.00,151,0,0.00,0.00,151
pypi,cdxgen,hash_values,604,208,34.44,396,208,34.44,396,0,0.00,0.00,396
pypi,syft,license,573,0,0.00,573,0,0.00,573,0,0.00,0.00,573
pypi,syft,repository_url,573,0,0.00,573,0,0.00,573,0,0.00,0.00,573
pypi,syft,supplier,573,0,0.00,573,0,0.00,573,0,0.00,0.00,573
pypi,syft,distribution_url,573,0,0.00,573,0,0.00,573,0,0.00,0.00,573
pypi,syft,hash_values,573,85,14.83,488,85,14.83,488,0,0.00,0.00,488
