tool,field,total_components,before_present_count,before_present_percentage,before_missing_count,after_present_count,after_present_percentage,after_missing_count,repaired_count,repair_rate_among_originally_missing,absolute_coverage_gain_percentage_points,still_missing_count
cdxgen,license,15194,3512,23.11,11682,8867,58.36,6327,5355,45.84,35.24,6327
cdxgen,repository_url,15194,0,0.00,15194,7691,50.62,7503,7691,50.62,50.62,7503
cdxgen,supplier,15194,0,0.00,15194,7695,50.64,7499,7695,50.64,50.64,7499
cdxgen,distribution_url,15194,4191,27.58,11003,9075,59.73,6119,4884,44.39,32.14,6119
cdxgen,hash_values,15194,13859,91.21,1335,13975,91.98,1219,116,8.69,0.76,1219
syft,license,37573,1613,4.29,35960,1789,4.76,35784,176,0.49,0.47,35784
syft,repository_url,37573,0,0.00,37573,491,1.31,37082,491,1.31,1.31,37082
syft,supplier,37573,0,0.00,37573,459,1.22,37114,459,1.22,1.22,37114
syft,distribution_url,37573,49,0.13,37524,632,1.68,36941,583,1.55,1.55,36941
syft,hash_values,37573,3244,8.63,34329,3827,10.19,33746,583,1.70,1.55,33746
