ecosystem,tool,field,total_components,present,missing,present_pct,missing_pct,checked_at
maven,cdxgen,name,2562,2562,0,100.00,0.00,2026-07-01T13:17:55.739139+00:00
maven,cdxgen,version,2562,2127,435,83.02,16.98,2026-07-01T13:17:55.739139+00:00
maven,cdxgen,purl,2562,2562,0,100.00,0.00,2026-07-01T13:17:55.739139+00:00
maven,cdxgen,license,2562,1311,1251,51.17,48.83,2026-07-01T13:17:55.739139+00:00
maven,cdxgen,supplier,2562,0,2562,0.00,100.00,2026-07-01T13:17:55.739139+00:00
maven,cdxgen,repository_url,2562,0,2562,0.00,100.00,2026-07-01T13:17:55.739139+00:00
maven,cdxgen,hash_values,2562,1868,694,72.91,27.09,2026-07-01T13:17:55.739139+00:00
maven,cdxgen,distribution_url,2562,1901,661,74.20,25.80,2026-07-01T13:17:55.739139+00:00
maven,syft,name,7446,7446,0,100.00,0.00,2026-07-01T13:17:55.739139+00:00
maven,syft,version,7446,4043,3403,54.30,45.70,2026-07-01T13:17:55.739139+00:00
maven,syft,purl,7446,4375,3071,58.76,41.24,2026-07-01T13:17:55.739139+00:00
maven,syft,license,7446,606,6840,8.14,91.86,2026-07-01T13:17:55.739139+00:00
maven,syft,supplier,7446,0,7446,0.00,100.00,2026-07-01T13:17:55.739139+00:00
maven,syft,repository_url,7446,0,7446,0.00,100.00,2026-07-01T13:17:55.739139+00:00
maven,syft,hash_values,7446,3016,4430,40.50,59.50,2026-07-01T13:17:55.739139+00:00
maven,syft,distribution_url,7446,0,7446,0.00,100.00,2026-07-01T13:17:55.739139+00:00
npm,cdxgen,name,12028,12028,0,100.00,0.00,2026-07-01T13:17:55.739139+00:00
npm,cdxgen,version,12028,12026,2,99.98,0.02,2026-07-01T13:17:55.739139+00:00
npm,cdxgen,purl,12028,12026,2,99.98,0.02,2026-07-01T13:17:55.739139+00:00
npm,cdxgen,license,12028,1996,10032,16.59,83.41,2026-07-01T13:17:55.739139+00:00
npm,cdxgen,supplier,12028,0,12028,0.00,100.00,2026-07-01T13:17:55.739139+00:00
npm,cdxgen,repository_url,12028,0,12028,0.00,100.00,2026-07-01T13:17:55.739139+00:00
npm,cdxgen,hash_values,12028,11783,245,97.96,2.04,2026-07-01T13:17:55.739139+00:00
npm,cdxgen,distribution_url,12028,1837,10191,15.27,84.73,2026-07-01T13:17:55.739139+00:00
npm,syft,name,29554,29554,0,100.00,0.00,2026-07-01T13:17:55.739139+00:00
npm,syft,version,29554,29408,146,99.51,0.49,2026-07-01T13:17:55.739139+00:00
npm,syft,purl,29554,29408,146,99.51,0.49,2026-07-01T13:17:55.739139+00:00
npm,syft,license,29554,1007,28547,3.41,96.59,2026-07-01T13:17:55.739139+00:00
npm,syft,supplier,29554,0,29554,0.00,100.00,2026-07-01T13:17:55.739139+00:00
npm,syft,repository_url,29554,0,29554,0.00,100.00,2026-07-01T13:17:55.739139+00:00
npm,syft,hash_values,29554,143,29411,0.48,99.52,2026-07-01T13:17:55.739139+00:00
npm,syft,distribution_url,29554,49,29505,0.17,99.83,2026-07-01T13:17:55.739139+00:00
pypi,cdxgen,name,604,604,0,100.00,0.00,2026-07-01T13:17:55.739139+00:00
pypi,cdxgen,version,604,559,45,92.55,7.45,2026-07-01T13:17:55.739139+00:00
pypi,cdxgen,purl,604,603,1,99.83,0.17,2026-07-01T13:17:55.739139+00:00
pypi,cdxgen,license,604,205,399,33.94,66.06,2026-07-01T13:17:55.739139+00:00
pypi,cdxgen,supplier,604,0,604,0.00,100.00,2026-07-01T13:17:55.739139+00:00
pypi,cdxgen,repository_url,604,0,604,0.00,100.00,2026-07-01T13:17:55.739139+00:00
pypi,cdxgen,hash_values,604,208,396,34.44,65.56,2026-07-01T13:17:55.739139+00:00
pypi,cdxgen,distribution_url,604,453,151,75.00,25.00,2026-07-01T13:17:55.739139+00:00
pypi,syft,name,573,573,0,100.00,0.00,2026-07-01T13:17:55.739139+00:00
pypi,syft,version,573,481,92,83.94,16.06,2026-07-01T13:17:55.739139+00:00
pypi,syft,purl,573,482,91,84.12,15.88,2026-07-01T13:17:55.739139+00:00
pypi,syft,license,573,0,573,0.00,100.00,2026-07-01T13:17:55.739139+00:00
pypi,syft,supplier,573,0,573,0.00,100.00,2026-07-01T13:17:55.739139+00:00
pypi,syft,repository_url,573,0,573,0.00,100.00,2026-07-01T13:17:55.739139+00:00
pypi,syft,hash_values,573,85,488,14.83,85.17,2026-07-01T13:17:55.739139+00:00
pypi,syft,distribution_url,573,0,573,0.00,100.00,2026-07-01T13:17:55.739139+00:00
