tool,field,total_components,present,missing,present_pct,missing_pct,checked_at
cdxgen,name,15194,15194,0,100.00,0.00,2026-07-01T13:17:55.739104+00:00
cdxgen,version,15194,14712,482,96.83,3.17,2026-07-01T13:17:55.739104+00:00
cdxgen,purl,15194,15191,3,99.98,0.02,2026-07-01T13:17:55.739104+00:00
cdxgen,license,15194,3512,11682,23.11,76.89,2026-07-01T13:17:55.739104+00:00
cdxgen,supplier,15194,0,15194,0.00,100.00,2026-07-01T13:17:55.739104+00:00
cdxgen,repository_url,15194,0,15194,0.00,100.00,2026-07-01T13:17:55.739104+00:00
cdxgen,hash_values,15194,13859,1335,91.21,8.79,2026-07-01T13:17:55.739104+00:00
cdxgen,distribution_url,15194,4191,11003,27.58,72.42,2026-07-01T13:17:55.739104+00:00
syft,name,37573,37573,0,100.00,0.00,2026-07-01T13:17:55.739104+00:00
syft,version,37573,33932,3641,90.31,9.69,2026-07-01T13:17:55.739104+00:00
syft,purl,37573,34265,3308,91.20,8.80,2026-07-01T13:17:55.739104+00:00
syft,license,37573,1613,35960,4.29,95.71,2026-07-01T13:17:55.739104+00:00
syft,supplier,37573,0,37573,0.00,100.00,2026-07-01T13:17:55.739104+00:00
syft,repository_url,37573,0,37573,0.00,100.00,2026-07-01T13:17:55.739104+00:00
syft,hash_values,37573,3244,34329,8.63,91.37,2026-07-01T13:17:55.739104+00:00
syft,distribution_url,37573,49,37524,0.13,99.87,2026-07-01T13:17:55.739104+00:00
