project_id,ecosystem,tool,sbom_path,component_count,average_quality_score,average_quality_percent,scored_at
MAV-01,maven,cdxgen,sboms_raw/cdxgen/MAV-01_spring_boot_cyclonedx.json,295,0.7038,70.38,2026-07-01T13:33:24.359598+00:00
MAV-01,maven,syft,sboms_raw/syft/MAV-01_spring_boot_cyclonedx.json,707,0.3745,37.45,2026-07-01T13:33:24.359598+00:00
MAV-02,maven,cdxgen,sboms_raw/cdxgen/MAV-02_dubbo_cyclonedx.json,276,0.2713,27.13,2026-07-01T13:33:24.359598+00:00
MAV-02,maven,syft,sboms_raw/syft/MAV-02_dubbo_cyclonedx.json,503,0.3355,33.55,2026-07-01T13:33:24.359598+00:00
MAV-03,maven,cdxgen,sboms_raw/cdxgen/MAV-03_flink_cyclonedx.json,1710,0.6225,62.25,2026-07-01T13:33:24.359598+00:00
MAV-03,maven,syft,sboms_raw/syft/MAV-03_flink_cyclonedx.json,723,0.3705,37.05,2026-07-01T13:33:24.359598+00:00
MAV-04,maven,cdxgen,sboms_raw/cdxgen/MAV-04_junit5_cyclonedx.json,281,0.6917,69.17,2026-07-01T13:33:24.359598+00:00
MAV-04,maven,syft,sboms_raw/syft/MAV-04_junit5_cyclonedx.json,100,0.2850,28.50,2026-07-01T13:33:24.359598+00:00
MAV-05,maven,syft,sboms_raw/syft/MAV-05_maven_cyclonedx.json,5413,0.3151,31.51,2026-07-01T13:33:24.359598+00:00
NPM-01,npm,cdxgen,sboms_raw/cdxgen/NPM-01_react_cyclonedx.json,7661,0.5167,51.67,2026-07-01T13:33:24.359598+00:00
NPM-01,npm,syft,sboms_raw/syft/NPM-01_react_cyclonedx.json,11784,0.3819,38.19,2026-07-01T13:33:24.359598+00:00
NPM-02,npm,cdxgen,sboms_raw/cdxgen/NPM-02_axios_cyclonedx.json,972,0.7398,73.98,2026-07-01T13:33:24.359598+00:00
NPM-02,npm,syft,sboms_raw/syft/NPM-02_axios_cyclonedx.json,1073,0.4006,40.06,2026-07-01T13:33:24.359598+00:00
NPM-03,npm,cdxgen,sboms_raw/cdxgen/NPM-03_angular_cyclonedx.json,2358,0.4988,49.88,2026-07-01T13:33:24.359598+00:00
NPM-03,npm,syft,sboms_raw/syft/NPM-03_angular_cyclonedx.json,15990,0.3754,37.54,2026-07-01T13:33:24.359598+00:00
NPM-04,npm,cdxgen,sboms_raw/cdxgen/NPM-04_express_cyclonedx.json,378,0.7411,74.11,2026-07-01T13:33:24.359598+00:00
NPM-04,npm,syft,sboms_raw/syft/NPM-04_express_cyclonedx.json,21,0.3512,35.12,2026-07-01T13:33:24.359598+00:00
NPM-05,npm,cdxgen,sboms_raw/cdxgen/NPM-05_core_cyclonedx.json,659,0.4975,49.75,2026-07-01T13:33:24.359598+00:00
NPM-05,npm,syft,sboms_raw/syft/NPM-05_core_cyclonedx.json,686,0.3724,37.24,2026-07-01T13:33:24.359598+00:00
PY-01,pypi,cdxgen,sboms_raw/cdxgen/PY-01_fastapi_cyclonedx.json,266,0.4897,48.97,2026-07-01T13:33:24.359598+00:00
PY-01,pypi,syft,sboms_raw/syft/PY-01_fastapi_cyclonedx.json,348,0.3660,36.60,2026-07-01T13:33:24.359598+00:00
PY-02,pypi,cdxgen,sboms_raw/cdxgen/PY-02_django_cyclonedx.json,253,0.6675,66.75,2026-07-01T13:33:24.359598+00:00
PY-02,pypi,syft,sboms_raw/syft/PY-02_django_cyclonedx.json,57,0.3377,33.77,2026-07-01T13:33:24.359598+00:00
PY-03,pypi,cdxgen,sboms_raw/cdxgen/PY-03_scikit_learn_cyclonedx.json,40,0.3438,34.38,2026-07-01T13:33:24.359598+00:00
PY-03,pypi,syft,sboms_raw/syft/PY-03_scikit_learn_cyclonedx.json,86,0.3372,33.72,2026-07-01T13:33:24.359598+00:00
PY-04,pypi,cdxgen,sboms_raw/cdxgen/PY-04_requests_cyclonedx.json,18,0.3472,34.72,2026-07-01T13:33:24.359598+00:00
PY-04,pypi,syft,sboms_raw/syft/PY-04_requests_cyclonedx.json,31,0.3387,33.87,2026-07-01T13:33:24.359598+00:00
PY-05,pypi,cdxgen,sboms_raw/cdxgen/PY-05_pandas_cyclonedx.json,27,0.3657,36.57,2026-07-01T13:33:24.359598+00:00
PY-05,pypi,syft,sboms_raw/syft/PY-05_pandas_cyclonedx.json,51,0.3235,32.35,2026-07-01T13:33:24.359598+00:00
