project_id,owner_repo,stars,forks,open_issues,default_branch,license,last_pushed_at,collected_at,status
NPM-01,facebook/react,246129,51123,1258,main,MIT,2026-07-01T10:12:49Z,2026-07-01T10:17:33.495580+00:00,success
NPM-02,axios/axios,109104,11738,109,v1.x,MIT,2026-06-30T19:31:26Z,2026-07-01T10:17:33.495580+00:00,success
NPM-03,angular/angular,100377,27219,1160,main,MIT,2026-07-01T01:00:09Z,2026-07-01T10:17:33.495580+00:00,success
NPM-04,expressjs/express,69178,23937,220,master,MIT,2026-07-01T09:55:42Z,2026-07-01T10:17:33.495580+00:00,success
NPM-05,vuejs/core,53899,9157,911,main,MIT,2026-07-01T09:57:50Z,2026-07-01T10:17:33.495580+00:00,success
PY-01,fastapi/fastapi,99844,9517,126,master,MIT,2026-07-01T06:46:03Z,2026-07-01T10:17:33.495580+00:00,success
PY-02,django/django,87921,33922,458,main,BSD-3-Clause,2026-07-01T01:17:33Z,2026-07-01T10:17:33.495580+00:00,success
PY-03,scikit-learn/scikit-learn,66515,27132,2108,main,BSD-3-Clause,2026-06-30T15:40:38Z,2026-07-01T10:17:33.495580+00:00,success
PY-04,psf/requests,54085,9992,229,main,Apache-2.0,2026-06-29T17:37:21Z,2026-07-01T10:17:33.495580+00:00,success
PY-05,pandas-dev/pandas,49100,20069,3001,main,BSD-3-Clause,2026-06-30T21:51:48Z,2026-07-01T10:17:33.495580+00:00,success
MAV-01,spring-projects/spring-boot,80989,41933,521,main,Apache-2.0,2026-07-01T06:10:46Z,2026-07-01T10:17:33.495580+00:00,success
MAV-02,apache/dubbo,41522,26422,996,3.3,Apache-2.0,2026-06-29T08:17:32Z,2026-07-01T10:17:33.495580+00:00,success
MAV-03,apache/flink,26132,13984,363,master,Apache-2.0,2026-07-01T08:20:26Z,2026-07-01T10:17:33.495580+00:00,success
MAV-04,junit-team/junit5,7037,1690,111,main,EPL-2.0,2026-07-01T05:31:17Z,2026-07-01T10:17:33.495580+00:00,success
MAV-05,apache/maven,5119,2898,700,master,Apache-2.0,2026-07-01T01:09:31Z,2026-07-01T10:17:33.495580+00:00,success
