project_id,owner_repo,ecosystem,tool,input_path,output_path,status,error_message,generated_at
NPM-01,facebook/react,npm,syft,repos/npm/react,sboms_raw/syft/NPM-01_react_cyclonedx.json,success,"[0000]  WARN no explicit name and version provided for directory source, deriving artifact ID from the given path (which is not ideal)",2026-07-01T12:26:20.413760+00:00
NPM-01,facebook/react,npm,cdxgen,repos/npm/react,sboms_raw/cdxgen/NPM-01_react_cyclonedx.json,success,,2026-07-01T12:26:20.413760+00:00
NPM-02,axios/axios,npm,syft,repos/npm/axios,sboms_raw/syft/NPM-02_axios_cyclonedx.json,success,"[0000]  WARN no explicit name and version provided for directory source, deriving artifact ID from the given path (which is not ideal)",2026-07-01T12:26:20.413760+00:00
NPM-02,axios/axios,npm,cdxgen,repos/npm/axios,sboms_raw/cdxgen/NPM-02_axios_cyclonedx.json,success,,2026-07-01T12:26:20.413760+00:00
NPM-03,angular/angular,npm,syft,repos/npm/angular,sboms_raw/syft/NPM-03_angular_cyclonedx.json,success,"[0000]  WARN no explicit name and version provided for directory source, deriving artifact ID from the given path (which is not ideal)",2026-07-01T12:26:20.413760+00:00
NPM-03,angular/angular,npm,cdxgen,repos/npm/angular,sboms_raw/cdxgen/NPM-03_angular_cyclonedx.json,success,,2026-07-01T12:26:20.413760+00:00
NPM-04,expressjs/express,npm,syft,repos/npm/express,sboms_raw/syft/NPM-04_express_cyclonedx.json,success,"[0000]  WARN no explicit name and version provided for directory source, deriving artifact ID from the given path (which is not ideal)",2026-07-01T12:26:20.413760+00:00
NPM-04,expressjs/express,npm,cdxgen,repos/npm/express,sboms_raw/cdxgen/NPM-04_express_cyclonedx.json,success,[1;35mNotice: Generating an SBOM without a lockfile is risky and non-deterministic. Consider generating and committing the lockfile to your repository to ensure reproducible builds and SBOMs.[0m,2026-07-01T12:26:20.413760+00:00
NPM-05,vuejs/core,npm,syft,repos/npm/core,sboms_raw/syft/NPM-05_core_cyclonedx.json,success,"[0000]  WARN no explicit name and version provided for directory source, deriving artifact ID from the given path (which is not ideal)",2026-07-01T12:26:20.413760+00:00
NPM-05,vuejs/core,npm,cdxgen,repos/npm/core,sboms_raw/cdxgen/NPM-05_core_cyclonedx.json,success,,2026-07-01T12:26:20.413760+00:00
PY-01,fastapi/fastapi,pypi,syft,repos/pypi/fastapi,sboms_raw/syft/PY-01_fastapi_cyclonedx.json,success,"[0000]  WARN no explicit name and version provided for directory source, deriving artifact ID from the given path (which is not ideal)",2026-07-01T12:26:20.413760+00:00
PY-01,fastapi/fastapi,pypi,cdxgen,repos/pypi/fastapi,sboms_raw/cdxgen/PY-01_fastapi_cyclonedx.json,success,,2026-07-01T12:26:20.413760+00:00
PY-02,django/django,pypi,syft,repos/pypi/django,sboms_raw/syft/PY-02_django_cyclonedx.json,success,"[0000]  WARN no explicit name and version provided for directory source, deriving artifact ID from the given path (which is not ideal)",2026-07-01T12:26:20.413760+00:00
PY-02,django/django,pypi,cdxgen,repos/pypi/django,sboms_raw/cdxgen/PY-02_django_cyclonedx.json,success,"[1;35mNotice: Generating an SBOM without a lockfile is risky and non-deterministic. Consider generating and committing the lockfile to your repository to ensure reproducible builds and SBOMs.[0m
[1;35mNotice: Running python command without '-S' argument. Only run cdxgen in trusted directories to prevent auto-executing local scripts.[0m
[1;35mNotice: pip/uv install invoked without '--only-binary'. This allows executing untrusted setup.py scripts. Only run cdxgen in trusted directories.[0m",2026-07-01T12:26:20.413760+00:00
PY-03,scikit-learn/scikit-learn,pypi,syft,repos/pypi/scikit-learn,sboms_raw/syft/PY-03_scikit_learn_cyclonedx.json,success,"[0000]  WARN no explicit name and version provided for directory source, deriving artifact ID from the given path (which is not ideal)",2026-07-01T12:26:20.413760+00:00
PY-03,scikit-learn/scikit-learn,pypi,cdxgen,repos/pypi/scikit-learn,sboms_raw/cdxgen/PY-03_scikit_learn_cyclonedx.json,success,"[1;35mNotice: Running python command without '-S' argument. Only run cdxgen in trusted directories to prevent auto-executing local scripts.[0m
[1;35mNotice: pip/uv install invoked without '--only-binary'. This allows executing untrusted setup.py scripts. Only run cdxgen in trusted directories.[0m",2026-07-01T12:26:20.413760+00:00
PY-04,psf/requests,pypi,syft,repos/pypi/requests,sboms_raw/syft/PY-04_requests_cyclonedx.json,success,"[0000]  WARN no explicit name and version provided for directory source, deriving artifact ID from the given path (which is not ideal)",2026-07-01T12:26:20.413760+00:00
PY-04,psf/requests,pypi,cdxgen,repos/pypi/requests,sboms_raw/cdxgen/PY-04_requests_cyclonedx.json,success,"[1;35mNotice: Running python command without '-S' argument. Only run cdxgen in trusted directories to prevent auto-executing local scripts.[0m
[1;35mNotice: pip/uv install invoked without '--only-binary'. This allows executing untrusted setup.py scripts. Only run cdxgen in trusted directories.[0m",2026-07-01T12:26:20.413760+00:00
PY-05,pandas-dev/pandas,pypi,syft,repos/pypi/pandas,sboms_raw/syft/PY-05_pandas_cyclonedx.json,success,"[0000]  WARN no explicit name and version provided for directory source, deriving artifact ID from the given path (which is not ideal)",2026-07-01T12:26:20.413760+00:00
PY-05,pandas-dev/pandas,pypi,cdxgen,repos/pypi/pandas,sboms_raw/cdxgen/PY-05_pandas_cyclonedx.json,success,,2026-07-01T12:26:20.413760+00:00
MAV-01,spring-projects/spring-boot,maven,syft,repos/maven/spring-boot,sboms_raw/syft/MAV-01_spring_boot_cyclonedx.json,success,"[0000]  WARN no explicit name and version provided for directory source, deriving artifact ID from the given path (which is not ideal)",2026-07-01T12:26:20.413760+00:00
MAV-01,spring-projects/spring-boot,maven,cdxgen,repos/maven/spring-boot,sboms_raw/cdxgen/MAV-01_spring_boot_cyclonedx.json,success,"ERROR: JAVA_HOME is not set and no 'java' command could be found in your PATH.
  
  Please set the JAVA_HOME variable in your environment to match the
  location of your Java installation.",2026-07-01T12:26:20.413760+00:00
MAV-02,apache/dubbo,maven,syft,repos/maven/dubbo,sboms_raw/syft/MAV-02_dubbo_cyclonedx.json,success,"[0000]  WARN no explicit name and version provided for directory source, deriving artifact ID from the given path (which is not ideal)",2026-07-01T12:26:20.413760+00:00
MAV-02,apache/dubbo,maven,cdxgen,repos/maven/dubbo,sboms_raw/cdxgen/MAV-02_dubbo_cyclonedx.json,success,Multiple errors occurred while building this project with maven. The SBOM is therefore incomplete!,2026-07-01T12:26:20.413760+00:00
MAV-03,apache/flink,maven,syft,repos/maven/flink,sboms_raw/syft/MAV-03_flink_cyclonedx.json,success,"[0000]  WARN no explicit name and version provided for directory source, deriving artifact ID from the given path (which is not ideal)",2026-07-01T12:26:20.413760+00:00
MAV-03,apache/flink,maven,cdxgen,repos/maven/flink,sboms_raw/cdxgen/MAV-03_flink_cyclonedx.json,success,Multiple errors occurred while building this project with maven. The SBOM is therefore incomplete!,2026-07-01T12:26:20.413760+00:00
MAV-04,junit-team/junit5,maven,syft,repos/maven/junit5,sboms_raw/syft/MAV-04_junit5_cyclonedx.json,success,"[0000]  WARN no explicit name and version provided for directory source, deriving artifact ID from the given path (which is not ideal)",2026-07-01T12:26:20.413760+00:00
MAV-04,junit-team/junit5,maven,cdxgen,repos/maven/junit5,sboms_raw/cdxgen/MAV-04_junit5_cyclonedx.json,success,"[1;35mNotice: Generating an SBOM without a lockfile is risky and non-deterministic. Consider generating and committing the lockfile to your repository to ensure reproducible builds and SBOMs.[0m
   
  ERROR: JAVA_HOME is not set and no 'java' command could be found in your PATH.
  
  Please set the JAVA_HOME variable in your environment to match the
  location of your Java installation.",2026-07-01T12:26:20.413760+00:00
MAV-05,apache/maven,maven,syft,repos/maven/maven,sboms_raw/syft/MAV-05_maven_cyclonedx.json,success,"[0000]  WARN no explicit name and version provided for directory source, deriving artifact ID from the given path (which is not ideal)",2026-07-01T12:26:20.413760+00:00
MAV-05,apache/maven,maven,cdxgen,repos/maven/maven,sboms_raw/cdxgen/MAV-05_maven_cyclonedx.json,failed,"file:///usr/lib/node_modules/@cyclonedx/cdxgen/lib/helpers/utils.js:6610
    properties.version = project.parent.version._;
                                                ^

TypeError: Cannot read properties of undefined (reading '_')
    at parsePom (file:///usr/lib/node_modules/@cyclonedx/cdxgen/lib/helpers/utils.js:6610:49)
    at createJavaBom (file:///usr/lib/node_modules/@cyclonedx/cdxgen/lib/cli/index.js:2128:28)
    at createMultiXBom (file:///usr/lib/node_modules/@cyclonedx/cdxgen/lib/cli/index.js:9195:23)
    at async createBom (file:///usr/lib/node_modules/@cyclonedx/cdxgen/lib/cli/index.js:10781:16)
    at async file:///usr/lib/node_modules/@cyclonedx/cdxgen/bin/cdxgen.js:1554:18

Node.js v24.18.0",2026-07-01T12:26:20.413760+00:00
