rule_id,rule_name,condition,component_scope,repair_decision,repair_action,target_fields,evidence_source,confidence_policy,provenance_required,manual_review_trigger,notes
R1,Clear external npm dependency,component_role=external_dependency AND ecosystem=npm AND identity_status=clear_identity,npm external dependency,auto_repair_candidate,license_lookup;repository_lookup;supplier_lookup;distribution_url_lookup,license;repository_url;supplier;distribution_url,npm_registry;spdx_license_list,high_if_exact_package_and_version_match,yes,no,Npm packages with clear purl/name/version are safe candidates for registry-based enrichment
R2,Clear external PyPI dependency,component_role=external_dependency AND ecosystem=pypi AND identity_status=clear_identity,PyPI external dependency,auto_repair_candidate,license_lookup;repository_lookup;supplier_lookup;distribution_url_lookup,license;repository_url;supplier;distribution_url,pypi_registry;spdx_license_list,high_if_exact_package_and_version_match,yes,no,PyPI packages with clear identity are safe candidates for registry-based enrichment
R3,Clear external Maven dependency,component_role=external_dependency AND ecosystem=maven AND identity_status=clear_identity,Maven external dependency,auto_repair_candidate,license_lookup;repository_lookup;supplier_lookup;distribution_url_lookup;hash_lookup,license;repository_url;supplier;distribution_url;hash_values,maven_central;pom_xml;spdx_license_list,high_if_exact_group_artifact_version_match,yes,no,Maven components require exact group artifact and version match before enrichment
R4,Missing purl but clear identity,component_role=external_dependency AND purl_status=missing AND name_present=yes AND version_status=present AND ecosystem_known=yes,external dependency with missing purl,auto_repair_candidate,purl_generation,purl,ecosystem_purl_rules,medium_if_name_version_ecosystem_clear,yes,yes_if_group_or_namespace_missing,Generate purl only when ecosystem and identity are sufficiently clear
R5,Malformed or placeholder purl,purl_status=malformed OR purl_status=placeholder_version,component with problematic purl,manual_review_required,purl_correction;manual_review,purl,manifest;package_registry;manual_review,medium_or_low,yes,yes,Do not automatically repair malformed or placeholder purls without evidence
R6,Missing or placeholder version,version_status=missing OR version_status=placeholder,component with weak version identity,manual_review_required,version_lookup;manual_review,version;purl,manifest;repository_metadata;manual_review,low_until_version_confirmed,yes,yes,Missing or placeholder versions reduce confidence and may cause wrong registry matches
R7,Internal module,component_role=internal_module,internal repository component,exclude_from_registry_repair,exclude_internal_component,none,local_project_evidence;manual_review,none,yes,no,Internal modules should not be enriched using public package registries
R8,Local fixture or test artifact,component_role=local_fixture_or_test_artifact,local test or demo artifact,exclude_from_registry_repair,exclude_internal_component,none,local_project_evidence;manual_review,none,yes,no,Local fixtures and generated test artifacts may not exist in public registries
R9,Workflow component,component_role=workflow_component,GitHub Actions or CI workflow component,exclude_from_registry_repair,exclude_workflow_component,none,github_repository;workflow_file;manual_review,none_for_package_registry,yes,no,GitHub Actions should not be repaired using npm PyPI or Maven Central
R10,Root project component,component_role=root_project,main project component,manual_review_required,project_metadata_lookup;manual_review,version;license;repository_url;supplier,github_repository;manifest;manual_review,medium_if_project_metadata_clear,yes,yes,Root project metadata should come from repository and project manifests rather than dependency registries
R11,License expression present,license_presence_status=present_in_expression,component with license expression,auto_repair_candidate,license_normalization,license,sbom_internal_evidence;spdx_license_list,high_if_expression_valid_spdx,yes,no,License expressions are not missing and should be parsed or normalized before registry lookup
R12,License absent for clear external dependency,component_role=external_dependency AND identity_status=clear_identity AND license_presence_status=absent,external dependency missing license,auto_repair_candidate,license_lookup;license_normalization,license,package_registry;spdx_license_list,high_if_registry_license_matches_spdx,yes,no,Retrieve license from package registry and normalize against SPDX
R13,Repository URL absent for clear external dependency,component_role=external_dependency AND identity_status=clear_identity AND repository_url_status=absent,external dependency missing repository URL,auto_repair_candidate,repository_lookup,repository_url,package_registry;github_repository,high_if_registry_metadata_contains_source_repository,yes,no,Do not confuse distribution URL with repository URL
R14,Distribution URL present but repository URL absent,distribution_url_status=present AND repository_url_status=absent,component with download URL only,auto_repair_candidate,repository_lookup,repository_url,package_registry;github_repository,medium_or_high_if_registry_has_vcs_url,yes,no,Distribution URL should not be copied into repository URL
R15,Supplier absent for clear external dependency,component_role=external_dependency AND identity_status=clear_identity AND supplier_missing=yes,external dependency missing supplier,auto_repair_candidate,supplier_lookup,supplier,package_registry;project_metadata,medium_if_supplier_or_publisher_available,yes,no,Supplier may be package author organization maintainer or project owner depending on ecosystem policy
R16,Hash absent for Maven exact artifact,component_role=external_dependency AND ecosystem=maven AND identity_status=clear_identity AND hash_status=absent,Maven dependency missing hash,auto_repair_candidate,hash_lookup,hash_values,maven_central,high_if_artifact_checksum_exact_version_available,yes,no,Hash repair is safer for Maven when exact artifact coordinates are available
R17,Hash absent for npm or PyPI,component_role=external_dependency AND ecosystem IN npm pypi AND hash_status=absent,npm or PyPI dependency missing hash,manual_review_required,hash_lookup;manual_review,hash_values,npm_registry;pypi_registry,medium_if_distribution_artifact_exact_match,yes,yes,Hash lookup requires exact artifact or distribution file match
R18,Duplicate same purl,duplicate_status=duplicate_same_purl,repeated exact component identity,manual_review_required,duplicate_resolution,none,sbom_internal_evidence,medium,yes,yes,Duplicate may reflect dependency tree repetition or generator behavior
R19,Duplicate same name different version,duplicate_status=duplicate_name_different_version,repeated name with different versions,manual_review_required,duplicate_analysis,none,sbom_internal_evidence,medium,yes,yes,Multiple versions may be legitimate in transitive dependency trees
R20,Ambiguous identity,identity_status=ambiguous_identity OR identity_status=missing_identity,component with unclear package identity,manual_review_required,manual_review,none,manual_review;manifest;repository_metadata,low,yes,yes,Do not automatically repair components whose package identity is unclear
R21,Distribution URL absent for clear external dependency,"component_role = external_dependency AND identity is sufficiently clear AND version is exact AND distribution_url is absent",external_dependency,auto_repair_candidate,distribution_url_lookup,distribution_url,"npm_registry;pypi_registry;maven_central",high_if_exact_package_and_version_match,yes,"Exact package version cannot be confirmed","Use only an exact-version artifact URL; do not substitute repository or homepage URLs"